Name,Email,ID,Phone
Zahin,zahin.islam@northsouth.edu,1912207642,+880 017xx-xxxxxx
Ushno,Ushno@northsouth.edu,1932207642,+880 017xx-xxxxxx
Random1,Random1@northsouth.edu,1812207642,+880 017xx-xxxxxx
Random2,Random2@northsouth.edu,8746499214,+880 38485455656
Random3,Random3@northsouth.edu,1032183362,+880 62303635125
Random4,Random4@northsouth.edu,8527035981,+880 54657801711
Random5,Random5@northsouth.edu,4060332491,+880 94372022856
Random6,Random6@northsouth.edu,5974977538,+880 87282298714
Random7,Random7@northsouth.edu,8278634516,+880 54754076950
Random8,Random8@northsouth.edu,9278212129,+880 59632884904
Random9,Random9@northsouth.edu,9018572932,+880 34582591147
Random10,Random10@northsouth.edu,6832418138,+880 95077449463
Random11,Random11@northsouth.edu,1530655648,+880 90882160294
Random12,Random12@northsouth.edu,4531834058,+880 97485790958
Random13,Random13@northsouth.edu,8941403356,+880 60484687550
Random14,Random14@northsouth.edu,5230179293,+880 83125119721
Random15,Random15@northsouth.edu,4854051839,+880 93951942781
Random16,Random16@northsouth.edu,2299473552,+880 98054239853
Random17,Random17@northsouth.edu,4818783368,+880 33008478102
Random18,Random18@northsouth.edu,3878621139,+880 15166013486
Random19,Random19@northsouth.edu,5488100862,+880 53167994713
Random20,Random20@northsouth.edu,1042037732,+880 35518319529
Random21,Random21@northsouth.edu,9751022012,+880 64590990955
Random22,Random22@northsouth.edu,6340334696,+880 78380300039
Random23,Random23@northsouth.edu,6358130331,+880 43379994705
Random24,Random24@northsouth.edu,2123873352,+880 14263951240
Random25,Random25@northsouth.edu,7068294326,+880 53915134900
Random26,Random26@northsouth.edu,1047488884,+880 56308783847
Random27,Random27@northsouth.edu,2765925106,+880 77597885064
Random28,Random28@northsouth.edu,7755565424,+880 44370408793
Random29,Random29@northsouth.edu,3301184735,+880 44745822736
Random30,Random30@northsouth.edu,8563610478,+880 57125696824
Random31,Random31@northsouth.edu,6963997469,+880 36426869227
Random32,Random32@northsouth.edu,8179329435,+880 66953969520
Random33,Random33@northsouth.edu,2346079418,+880 40785335264
Random34,Random34@northsouth.edu,1355477094,+880 19843884373
Random35,Random35@northsouth.edu,3148074433,+880 23575575617
Random36,Random36@northsouth.edu,8050784774,+880 45020869289
Random37,Random37@northsouth.edu,1496226244,+880 57624467493
Random38,Random38@northsouth.edu,3760182051,+880 57201019940
Random39,Random39@northsouth.edu,9674097340,+880 93801185666
Random40,Random40@northsouth.edu,5067063310,+880 18658304764
Random41,Random41@northsouth.edu,4003283477,+880 34925020625
Random42,Random42@northsouth.edu,5664640979,+880 40142571476
Random43,Random43@northsouth.edu,5997090665,+880 71636422238
Random44,Random44@northsouth.edu,7615486626,+880 49812748424
Random45,Random45@northsouth.edu,4760576935,+880 17695803495
Random46,Random46@northsouth.edu,3254575478,+880 51998661751
Random47,Random47@northsouth.edu,5526758296,+880 58583621818
Random48,Random48@northsouth.edu,5164595775,+880 53656451148
Random49,Random49@northsouth.edu,1893711848,+880 22962920919
Random50,Random50@northsouth.edu,1703183126,+880 45236371750
Random51,Random51@northsouth.edu,5765019634,+880 16811869418
Random52,Random52@northsouth.edu,5952676705,+880 75851666110
Random53,Random53@northsouth.edu,6927198706,+880 34965141609
Random54,Random54@northsouth.edu,8316705191,+880 44606526922
Random55,Random55@northsouth.edu,4052148852,+880 76419960144
Random56,Random56@northsouth.edu,1693208856,+880 95469828085
Random57,Random57@northsouth.edu,6216719821,+880 40923015979
Random58,Random58@northsouth.edu,2283831053,+880 85249222171
Random59,Random59@northsouth.edu,1595034584,+880 53271551982
Random60,Random60@northsouth.edu,3645495920,+880 33444579344
Random61,Random61@northsouth.edu,4923015567,+880 36922097369
Random62,Random62@northsouth.edu,6171256348,+880 58581619917
Random63,Random63@northsouth.edu,4382752103,+880 54859694244
Random64,Random64@northsouth.edu,3152787094,+880 21641403820
Random65,Random65@northsouth.edu,3472993991,+880 25034882344
Random66,Random66@northsouth.edu,9199892842,+880 42564978674
Random67,Random67@northsouth.edu,6724261756,+880 65236251054
Random68,Random68@northsouth.edu,2921031934,+880 19596958799
Random69,Random69@northsouth.edu,2120551140,+880 72609641236
Random70,Random70@northsouth.edu,9183399513,+880 74683873856
Random71,Random71@northsouth.edu,7556978739,+880 94434164337
Random72,Random72@northsouth.edu,4591514758,+880 37719728593
Random73,Random73@northsouth.edu,6417141120,+880 68906603584
Random74,Random74@northsouth.edu,3802844295,+880 30766875176
Random75,Random75@northsouth.edu,3456572556,+880 77492595641
Random76,Random76@northsouth.edu,7314762553,+880 65632280393
Random77,Random77@northsouth.edu,5921649194,+880 72500693348
Random78,Random78@northsouth.edu,8068032593,+880 60139969067
Random79,Random79@northsouth.edu,1211034113,+880 93763146705
Random80,Random80@northsouth.edu,8991398830,+880 41338901315
Random81,Random81@northsouth.edu,9605291587,+880 50659593730
Random82,Random82@northsouth.edu,2410812159,+880 14426164643
Random83,Random83@northsouth.edu,2346959823,+880 28075969613
Random84,Random84@northsouth.edu,9771424370,+880 54021007729
Random85,Random85@northsouth.edu,4396737116,+880 15118412594
Random86,Random86@northsouth.edu,7749880079,+880 28552560578
Random87,Random87@northsouth.edu,9784383600,+880 28222591129
Random88,Random88@northsouth.edu,7511102320,+880 52374347815
Random89,Random89@northsouth.edu,8125578682,+880 26809844641
Random90,Random90@northsouth.edu,1264603980,+880 66642785431
Random91,Random91@northsouth.edu,5717333168,+880 79023727226
Random92,Random92@northsouth.edu,5332155966,+880 84761642936
Random93,Random93@northsouth.edu,9469039162,+880 75301663747
Random94,Random94@northsouth.edu,8039939307,+880 17228272595
Random95,Random95@northsouth.edu,5874042928,+880 39979293848
Random96,Random96@northsouth.edu,9462821598,+880 48467781424
Random97,Random97@northsouth.edu,7548109507,+880 39492670666
Random98,Random98@northsouth.edu,1133339980,+880 56041157419
Random99,Random99@northsouth.edu,7504414825,+880 51700051586
Random100,Random100@northsouth.edu,3362438510,+880 51572020338
Random101,Random101@northsouth.edu,2018245364,+880 82429532774
Random102,Random102@northsouth.edu,4879481988,+880 12658228501
Random103,Random103@northsouth.edu,6671328488,+880 42168011260
Random104,Random104@northsouth.edu,4513009734,+880 93235212884
Random105,Random105@northsouth.edu,9645945219,+880 73493419442
Random106,Random106@northsouth.edu,6292045111,+880 61862197484
Random107,Random107@northsouth.edu,2785765624,+880 17878839253
Random108,Random108@northsouth.edu,3092679986,+880 94539495175
Random109,Random109@northsouth.edu,6396362542,+880 63104811910
Random110,Random110@northsouth.edu,9739606708,+880 22484025938
Random111,Random111@northsouth.edu,2791040024,+880 42678565117
Random112,Random112@northsouth.edu,1904472869,+880 73521419699
Random113,Random113@northsouth.edu,9660943749,+880 86881438237
Random114,Random114@northsouth.edu,2373169593,+880 98354796305
Random115,Random115@northsouth.edu,9745412561,+880 94936966559
Random116,Random116@northsouth.edu,7753314341,+880 22207035991
Random117,Random117@northsouth.edu,2638006325,+880 29590985640
Random118,Random118@northsouth.edu,4602108118,+880 54476501400
Random119,Random119@northsouth.edu,7177434220,+880 61929802620
Random120,Random120@northsouth.edu,7304858873,+880 26347317662
Random121,Random121@northsouth.edu,1752055600,+880 19975902557
Random122,Random122@northsouth.edu,1649233701,+880 82306980918
Random123,Random123@northsouth.edu,5329254060,+880 83106854788
Random124,Random124@northsouth.edu,6190114372,+880 57047128402
Random125,Random125@northsouth.edu,4848417513,+880 26668826895
Random126,Random126@northsouth.edu,1070679938,+880 23479298470
Random127,Random127@northsouth.edu,5172372600,+880 14286776432
Random128,Random128@northsouth.edu,7508558423,+880 90435204825
Random129,Random129@northsouth.edu,3240347214,+880 84419676806
Random130,Random130@northsouth.edu,2853664388,+880 78899733828
Random131,Random131@northsouth.edu,5131772869,+880 42414868585
Random132,Random132@northsouth.edu,5430973357,+880 27179953014
Random133,Random133@northsouth.edu,6927262694,+880 60413855703
Random134,Random134@northsouth.edu,8443765861,+880 80856376015
Random135,Random135@northsouth.edu,8432376010,+880 16473130840
Random136,Random136@northsouth.edu,4323524223,+880 19744824190
Random137,Random137@northsouth.edu,7531800995,+880 96157203454
Random138,Random138@northsouth.edu,2583785239,+880 79489886307
Random139,Random139@northsouth.edu,8557951438,+880 30392368164
Random140,Random140@northsouth.edu,4734890107,+880 47667453883
Random141,Random141@northsouth.edu,3128721790,+880 42896827007
Random142,Random142@northsouth.edu,3747680722,+880 91987913605
Random143,Random143@northsouth.edu,5702127941,+880 90563825504
Random144,Random144@northsouth.edu,6793361529,+880 34324979495
Random145,Random145@northsouth.edu,3797045887,+880 33978655777
Random146,Random146@northsouth.edu,7481213561,+880 12515358649
Random147,Random147@northsouth.edu,4196621187,+880 98034236490
Random148,Random148@northsouth.edu,7136399711,+880 12499402259
Random149,Random149@northsouth.edu,4145699594,+880 96245320967
Random150,Random150@northsouth.edu,2963650656,+880 81771360900
Random151,Random151@northsouth.edu,6068056629,+880 53677236167
Random152,Random152@northsouth.edu,4078860551,+880 77530000351
Random153,Random153@northsouth.edu,7708081080,+880 78850609788
Random154,Random154@northsouth.edu,2558800782,+880 49173243396
Random155,Random155@northsouth.edu,3308127591,+880 96537137800
Random156,Random156@northsouth.edu,7677156406,+880 30248916709
Random157,Random157@northsouth.edu,5900554422,+880 54017550566
Random158,Random158@northsouth.edu,3255950742,+880 79307801776
Random159,Random159@northsouth.edu,3204222014,+880 54624078900
Random160,Random160@northsouth.edu,5978508568,+880 32986751512
Random161,Random161@northsouth.edu,4553674739,+880 13462254009
Random162,Random162@northsouth.edu,6658371562,+880 32145345678
Random163,Random163@northsouth.edu,4594303404,+880 48772169246
Random164,Random164@northsouth.edu,2147151901,+880 47715480262
Random165,Random165@northsouth.edu,3327732258,+880 40272604189
Random166,Random166@northsouth.edu,7767004182,+880 41957650845
Random167,Random167@northsouth.edu,8534787752,+880 21995639673
Random168,Random168@northsouth.edu,3668909387,+880 52402254652
Random169,Random169@northsouth.edu,8113676712,+880 57173411732
Random170,Random170@northsouth.edu,9957049114,+880 83525287026
Random171,Random171@northsouth.edu,4531186316,+880 68622273691
Random172,Random172@northsouth.edu,9760822797,+880 96315690950
Random173,Random173@northsouth.edu,7347387522,+880 38374184688
Random174,Random174@northsouth.edu,5539897122,+880 36783849780
Random175,Random175@northsouth.edu,3310753212,+880 21926262612
Random176,Random176@northsouth.edu,6521221574,+880 60721940098
Random177,Random177@northsouth.edu,4901592283,+880 30898261703
Random178,Random178@northsouth.edu,7590722939,+880 24409567674
Random179,Random179@northsouth.edu,8106440798,+880 60508320838
Random180,Random180@northsouth.edu,4125822527,+880 54261965878
Random181,Random181@northsouth.edu,3595469987,+880 60429662658
Random182,Random182@northsouth.edu,3199818529,+880 66663053401
Random183,Random183@northsouth.edu,7080786324,+880 43844959072
Random184,Random184@northsouth.edu,6498965128,+880 21677386086
Random185,Random185@northsouth.edu,3088021207,+880 33139282567
Random186,Random186@northsouth.edu,2915957423,+880 31050038141
Random187,Random187@northsouth.edu,9402453511,+880 14408803536
Random188,Random188@northsouth.edu,2286823097,+880 24108795901
Random189,Random189@northsouth.edu,7218908732,+880 80265088049
Random190,Random190@northsouth.edu,4564352217,+880 41389781384
Random191,Random191@northsouth.edu,5774530469,+880 69454395990
Random192,Random192@northsouth.edu,3288855058,+880 74426795056
Random193,Random193@northsouth.edu,7483056560,+880 84249373046
Random194,Random194@northsouth.edu,1904210726,+880 78329082884
Random195,Random195@northsouth.edu,3598002288,+880 39681280188
Random196,Random196@northsouth.edu,5110914775,+880 60638307086
Random197,Random197@northsouth.edu,3791933164,+880 82513794029
Random198,Random198@northsouth.edu,8939707198,+880 64929869092
Random199,Random199@northsouth.edu,4375142795,+880 36221191095
Random200,Random200@northsouth.edu,7083653230,+880 13732932285
Random201,Random201@northsouth.edu,7549333293,+880 61335405473
Random202,Random202@northsouth.edu,4186182030,+880 60653011552
Random203,Random203@northsouth.edu,3105825148,+880 53233168376
Random204,Random204@northsouth.edu,8403311593,+880 14798549817
Random205,Random205@northsouth.edu,9824535139,+880 50371014559
Random206,Random206@northsouth.edu,2713886481,+880 46298269801
Random207,Random207@northsouth.edu,6717887675,+880 77747649741
Random208,Random208@northsouth.edu,5792738125,+880 98068157319
Random209,Random209@northsouth.edu,5675186529,+880 64111605389
Random210,Random210@northsouth.edu,1614086289,+880 91727818348
Random211,Random211@northsouth.edu,5251682530,+880 78540223275
Random212,Random212@northsouth.edu,3302671578,+880 77144796844
Random213,Random213@northsouth.edu,2091936624,+880 28469872837
Random214,Random214@northsouth.edu,6364694447,+880 63977591533
Random215,Random215@northsouth.edu,6797365867,+880 17929052455
Random216,Random216@northsouth.edu,6151991669,+880 79280845393
Random217,Random217@northsouth.edu,3044264471,+880 32272819230
Random218,Random218@northsouth.edu,4888315252,+880 49425449917
Random219,Random219@northsouth.edu,7048034305,+880 24124649795
Random220,Random220@northsouth.edu,8465955052,+880 61830236757
Random221,Random221@northsouth.edu,7762697438,+880 99475005583
Random222,Random222@northsouth.edu,7730860615,+880 83101295112
Random223,Random223@northsouth.edu,1577181488,+880 73363304455
Random224,Random224@northsouth.edu,1390679600,+880 48805474645
Random225,Random225@northsouth.edu,4292029939,+880 94632383347
Random226,Random226@northsouth.edu,9157187801,+880 42999300465
Random227,Random227@northsouth.edu,9767364049,+880 50259520854
Random228,Random228@northsouth.edu,9768157900,+880 65194036338
Random229,Random229@northsouth.edu,7424574055,+880 86388937393
Random230,Random230@northsouth.edu,9525588718,+880 97039954603
Random231,Random231@northsouth.edu,1561069601,+880 42174106532
Random232,Random232@northsouth.edu,8995221693,+880 47780249391
Random233,Random233@northsouth.edu,5523268775,+880 50826394431
Random234,Random234@northsouth.edu,8749410476,+880 44225298207
Random235,Random235@northsouth.edu,9144805192,+880 49485597979
Random236,Random236@northsouth.edu,7596917548,+880 99889005104
Random237,Random237@northsouth.edu,6659028093,+880 25112273273
Random238,Random238@northsouth.edu,1542253740,+880 47820823483
Random239,Random239@northsouth.edu,3586006118,+880 76971907206
Random240,Random240@northsouth.edu,9246434255,+880 69761849962
Random241,Random241@northsouth.edu,7900850283,+880 99239912923
Random242,Random242@northsouth.edu,5803643266,+880 38966645601
Random243,Random243@northsouth.edu,6856060541,+880 77895096929
Random244,Random244@northsouth.edu,3276347848,+880 12600193285
Random245,Random245@northsouth.edu,1033188870,+880 92193751697
Random246,Random246@northsouth.edu,5090132081,+880 90395611487
Random247,Random247@northsouth.edu,2526037327,+880 65636444109
Random248,Random248@northsouth.edu,8288251340,+880 63734498276
Random249,Random249@northsouth.edu,9010576426,+880 95794053109
Random250,Random250@northsouth.edu,4996517587,+880 73510412429
Random251,Random251@northsouth.edu,9949831701,+880 70080805361
Random252,Random252@northsouth.edu,3979454926,+880 65200252351
Random253,Random253@northsouth.edu,4850857375,+880 35974099360
Random254,Random254@northsouth.edu,9261446310,+880 49693043666
Random255,Random255@northsouth.edu,2388573919,+880 31199979319
Random256,Random256@northsouth.edu,7914962530,+880 61512487405
Random257,Random257@northsouth.edu,7728096892,+880 95425744945
Random258,Random258@northsouth.edu,1645162966,+880 13364753854
Random259,Random259@northsouth.edu,6804238256,+880 65205428110
Random260,Random260@northsouth.edu,2592430182,+880 39187919235
Random261,Random261@northsouth.edu,1099401045,+880 76687391829
Random262,Random262@northsouth.edu,1945729171,+880 41400735319
Random263,Random263@northsouth.edu,3323990172,+880 59182960379
Random264,Random264@northsouth.edu,9698664872,+880 37220940331
Random265,Random265@northsouth.edu,8883180506,+880 40139033357
Random266,Random266@northsouth.edu,2426364483,+880 35207303453
Random267,Random267@northsouth.edu,8547647524,+880 25923379638
Random268,Random268@northsouth.edu,4812842316,+880 97284914831
Random269,Random269@northsouth.edu,1261103771,+880 24665587027
Random270,Random270@northsouth.edu,8965297618,+880 81319799614
Random271,Random271@northsouth.edu,3573462446,+880 57588688727
Random272,Random272@northsouth.edu,5862526995,+880 41482148130
Random273,Random273@northsouth.edu,5533388918,+880 66296516731
Random274,Random274@northsouth.edu,9180523160,+880 48978603246
Random275,Random275@northsouth.edu,6897648065,+880 76404414359
Random276,Random276@northsouth.edu,2729063300,+880 14088870575
Random277,Random277@northsouth.edu,5352015101,+880 20752403810
Random278,Random278@northsouth.edu,5569561022,+880 28280616444
Random279,Random279@northsouth.edu,4226897279,+880 90194461594
Random280,Random280@northsouth.edu,6325724785,+880 40989324266
Random281,Random281@northsouth.edu,9415955709,+880 66650479179
Random282,Random282@northsouth.edu,8816273146,+880 10373381786
Random283,Random283@northsouth.edu,6551975407,+880 31281226112
Random284,Random284@northsouth.edu,5187872305,+880 70657064351
Random285,Random285@northsouth.edu,7033099653,+880 81453006053
Random286,Random286@northsouth.edu,9676335999,+880 81975475536
Random287,Random287@northsouth.edu,4634760512,+880 85494652055
Random288,Random288@northsouth.edu,3231604623,+880 17759268911
Random289,Random289@northsouth.edu,3428981480,+880 20016611099
Random290,Random290@northsouth.edu,3798570328,+880 48181737530
Random291,Random291@northsouth.edu,7015693627,+880 34973771798
Random292,Random292@northsouth.edu,6997116093,+880 91852984233
Random293,Random293@northsouth.edu,3523000281,+880 99014090809
Random294,Random294@northsouth.edu,3534616120,+880 76109813093
Random295,Random295@northsouth.edu,4329977402,+880 23874093169
Random296,Random296@northsouth.edu,1466819275,+880 23457660769
Random297,Random297@northsouth.edu,1253141294,+880 50523053908
Random298,Random298@northsouth.edu,7523284323,+880 42938715178
Random299,Random299@northsouth.edu,8961415776,+880 43936996161
Random300,Random300@northsouth.edu,9500062005,+880 12269947204
Random301,Random301@northsouth.edu,3914701991,+880 86789956082
Random302,Random302@northsouth.edu,2035228518,+880 13289273281
Random303,Random303@northsouth.edu,1251958740,+880 19748309011
Random304,Random304@northsouth.edu,4488865542,+880 28604604135
Random305,Random305@northsouth.edu,5834011564,+880 88208805583
Random306,Random306@northsouth.edu,2783425131,+880 84659147957
Random307,Random307@northsouth.edu,1520176514,+880 51213018278
Random308,Random308@northsouth.edu,2853251455,+880 12984910301
Random309,Random309@northsouth.edu,9001329638,+880 38305419140
Random310,Random310@northsouth.edu,6107646022,+880 46342547688
Random311,Random311@northsouth.edu,7829949963,+880 16902547008
Random312,Random312@northsouth.edu,9928433672,+880 33210869936
Random313,Random313@northsouth.edu,5359985073,+880 22984316703
Random314,Random314@northsouth.edu,2997969796,+880 72007367715
Random315,Random315@northsouth.edu,5843539213,+880 66864288126
Random316,Random316@northsouth.edu,5866912013,+880 14070146627
Random317,Random317@northsouth.edu,8262669208,+880 37285438845
Random318,Random318@northsouth.edu,8248917110,+880 79953077404
Random319,Random319@northsouth.edu,6926659458,+880 60781126026
Random320,Random320@northsouth.edu,5777646399,+880 88628522766
Random321,Random321@northsouth.edu,9802314866,+880 76048930102
Random322,Random322@northsouth.edu,2122476108,+880 17381410620
Random323,Random323@northsouth.edu,2933712713,+880 74828839806
Random324,Random324@northsouth.edu,5498813635,+880 69911400899
Random325,Random325@northsouth.edu,3272742804,+880 24313670166
Random326,Random326@northsouth.edu,4372273151,+880 93379061493
Random327,Random327@northsouth.edu,1698898223,+880 64713600756
Random328,Random328@northsouth.edu,6328455048,+880 28154285195
Random329,Random329@northsouth.edu,2971580682,+880 66762378131
Random330,Random330@northsouth.edu,5810731634,+880 24937609879
Random331,Random331@northsouth.edu,6079237147,+880 87725599326
Random332,Random332@northsouth.edu,9982056316,+880 89138142831
Random333,Random333@northsouth.edu,8282715857,+880 41655183164
Random334,Random334@northsouth.edu,7028794584,+880 10926000745
Random335,Random335@northsouth.edu,3224951401,+880 26574462404
Random336,Random336@northsouth.edu,7292561415,+880 33050463921
Random337,Random337@northsouth.edu,9041597996,+880 24600170659
Random338,Random338@northsouth.edu,9077622160,+880 81028160489
Random339,Random339@northsouth.edu,3551808088,+880 21152695996
Random340,Random340@northsouth.edu,9449537560,+880 84136542948
Random341,Random341@northsouth.edu,1373153585,+880 88354101283
Random342,Random342@northsouth.edu,4948263530,+880 92539387047
Random343,Random343@northsouth.edu,5404487126,+880 85389778657
Random344,Random344@northsouth.edu,1263943428,+880 48300172372
Random345,Random345@northsouth.edu,7019079942,+880 36871702009
Random346,Random346@northsouth.edu,4054471062,+880 94318342409
Random347,Random347@northsouth.edu,3680871194,+880 52973463495
Random348,Random348@northsouth.edu,8106710998,+880 98776801531
Random349,Random349@northsouth.edu,1404671526,+880 26598898200
Random350,Random350@northsouth.edu,1031260921,+880 51027000120
Random351,Random351@northsouth.edu,9027780470,+880 64057561594
Random352,Random352@northsouth.edu,4592785574,+880 24844156444
Random353,Random353@northsouth.edu,5967449065,+880 44827349324
Random354,Random354@northsouth.edu,2794557756,+880 25749144375
Random355,Random355@northsouth.edu,2307704867,+880 97765418927
Random356,Random356@northsouth.edu,7194020627,+880 78409450230
Random357,Random357@northsouth.edu,7952301651,+880 90360590683
Random358,Random358@northsouth.edu,1121037047,+880 59523887048
Random359,Random359@northsouth.edu,9096846479,+880 92045825386
Random360,Random360@northsouth.edu,5692646412,+880 48090806637
Random361,Random361@northsouth.edu,4097861052,+880 38755183039
Random362,Random362@northsouth.edu,6853666666,+880 40485582391
Random363,Random363@northsouth.edu,8269852206,+880 99474736535
Random364,Random364@northsouth.edu,1695929439,+880 93181441947
Random365,Random365@northsouth.edu,3647571232,+880 16158420809
Random366,Random366@northsouth.edu,3143800897,+880 55473527405
Random367,Random367@northsouth.edu,7217337508,+880 80460713971
Random368,Random368@northsouth.edu,4600059411,+880 28539170759
Random369,Random369@northsouth.edu,6818189902,+880 43373308030
Random370,Random370@northsouth.edu,3792810210,+880 72987514240
Random371,Random371@northsouth.edu,1773060724,+880 49997770598
Random372,Random372@northsouth.edu,8753361068,+880 95620566629
Random373,Random373@northsouth.edu,1757116197,+880 98195039004
Random374,Random374@northsouth.edu,5938404727,+880 67881664053
Random375,Random375@northsouth.edu,4749171491,+880 94124017300
Random376,Random376@northsouth.edu,7608686284,+880 56141127518
Random377,Random377@northsouth.edu,6010157525,+880 84771523574
Random378,Random378@northsouth.edu,2885872722,+880 95924580480
Random379,Random379@northsouth.edu,2748141647,+880 97979506409
Random380,Random380@northsouth.edu,9886010283,+880 31687283370
Random381,Random381@northsouth.edu,9738350648,+880 93610671927
Random382,Random382@northsouth.edu,7841434475,+880 32494241928
Random383,Random383@northsouth.edu,2704762572,+880 22188746912
Random384,Random384@northsouth.edu,8569152403,+880 92471397325
Random385,Random385@northsouth.edu,7460640272,+880 49178328964
Random386,Random386@northsouth.edu,9004560198,+880 89670045299
Random387,Random387@northsouth.edu,5628698775,+880 10089864560
Random388,Random388@northsouth.edu,5986024407,+880 18113534860
Random389,Random389@northsouth.edu,3926702152,+880 28451727016
Random390,Random390@northsouth.edu,1099565023,+880 34002713595
Random391,Random391@northsouth.edu,1306092292,+880 68960781401
Random392,Random392@northsouth.edu,6805530249,+880 42821197007
Random393,Random393@northsouth.edu,9636476017,+880 48751214316
Random394,Random394@northsouth.edu,1468810137,+880 91656104862
Random395,Random395@northsouth.edu,1417458762,+880 25717612562
Random396,Random396@northsouth.edu,8146841796,+880 56688936082
Random397,Random397@northsouth.edu,2753913945,+880 87570971951
Random398,Random398@northsouth.edu,6233028555,+880 84941858830
Random399,Random399@northsouth.edu,8483751530,+880 59199124826
Random400,Random400@northsouth.edu,2019638403,+880 83846050705
Random401,Random401@northsouth.edu,8113908958,+880 46783299704
Random402,Random402@northsouth.edu,6586611390,+880 37642309454
Random403,Random403@northsouth.edu,3578807848,+880 72647870721
Random404,Random404@northsouth.edu,5314913452,+880 20221149796
Random405,Random405@northsouth.edu,5358567886,+880 70863535780
Random406,Random406@northsouth.edu,5960490810,+880 40705256849
Random407,Random407@northsouth.edu,1464154123,+880 25876948489
Random408,Random408@northsouth.edu,9745535557,+880 38699968424
Random409,Random409@northsouth.edu,3918563189,+880 62691711523
Random410,Random410@northsouth.edu,9821715058,+880 81895708633
Random411,Random411@northsouth.edu,6930288687,+880 19269417534
Random412,Random412@northsouth.edu,5859049708,+880 20032406371
Random413,Random413@northsouth.edu,7767584204,+880 19175387165
Random414,Random414@northsouth.edu,3242710434,+880 79263554606
Random415,Random415@northsouth.edu,4901085020,+880 88313790379
Random416,Random416@northsouth.edu,1119613098,+880 70420165718
Random417,Random417@northsouth.edu,9927490554,+880 93163421699
Random418,Random418@northsouth.edu,4225494579,+880 35386480541
Random419,Random419@northsouth.edu,2986277943,+880 49850654798
Random420,Random420@northsouth.edu,1021363155,+880 85386044298
Random421,Random421@northsouth.edu,9399833857,+880 70415559511
Random422,Random422@northsouth.edu,8823637560,+880 89508773136
Random423,Random423@northsouth.edu,1650728591,+880 85953276830
Random424,Random424@northsouth.edu,6264024573,+880 36502267922
Random425,Random425@northsouth.edu,9930438723,+880 47691282420
Random426,Random426@northsouth.edu,4875059692,+880 29135692109
Random427,Random427@northsouth.edu,9943059368,+880 27378672715
Random428,Random428@northsouth.edu,9084641683,+880 51397611033
Random429,Random429@northsouth.edu,7280958026,+880 64193625969
Random430,Random430@northsouth.edu,5072726763,+880 17207667733
Random431,Random431@northsouth.edu,2032084484,+880 19918467471
Random432,Random432@northsouth.edu,5816199921,+880 78243954131
Random433,Random433@northsouth.edu,2325174359,+880 74938853292
Random434,Random434@northsouth.edu,8655512826,+880 97031939725
Random435,Random435@northsouth.edu,9905250201,+880 46851826280
Random436,Random436@northsouth.edu,9961779412,+880 90083013327
Random437,Random437@northsouth.edu,1399795395,+880 91082000525
Random438,Random438@northsouth.edu,8516092030,+880 87543597711
Random439,Random439@northsouth.edu,6973415741,+880 51513668068
Random440,Random440@northsouth.edu,5398520858,+880 19022236202
Random441,Random441@northsouth.edu,9594383242,+880 55465449368
Random442,Random442@northsouth.edu,1449356030,+880 10041468305
Random443,Random443@northsouth.edu,7205655753,+880 42075738181
Random444,Random444@northsouth.edu,9445576261,+880 89601859037
Random445,Random445@northsouth.edu,8601144491,+880 61861787704
Random446,Random446@northsouth.edu,9934164340,+880 83533921219
Random447,Random447@northsouth.edu,3197922425,+880 70738184796
Random448,Random448@northsouth.edu,7159975150,+880 88854736490
Random449,Random449@northsouth.edu,2293989009,+880 37106924481
Random450,Random450@northsouth.edu,9128911717,+880 81576144809
Random451,Random451@northsouth.edu,6294611272,+880 28134480891
Random452,Random452@northsouth.edu,3279363900,+880 87685349225
Random453,Random453@northsouth.edu,1821811936,+880 22818699608
Random454,Random454@northsouth.edu,5547963690,+880 82472940151
Random455,Random455@northsouth.edu,2830763328,+880 55534125903
Random456,Random456@northsouth.edu,8245645691,+880 85812367859
Random457,Random457@northsouth.edu,6838078283,+880 84037681592
Random458,Random458@northsouth.edu,1977883817,+880 21100486081
Random459,Random459@northsouth.edu,9752413396,+880 52993335057
Random460,Random460@northsouth.edu,4443462498,+880 16154408567
Random461,Random461@northsouth.edu,5714167251,+880 76012640753
Random462,Random462@northsouth.edu,7556021626,+880 21192106501
Random463,Random463@northsouth.edu,2712442653,+880 21139521375
Random464,Random464@northsouth.edu,7859644545,+880 16002228267
Random465,Random465@northsouth.edu,5194825510,+880 81054961480
Random466,Random466@northsouth.edu,2618097020,+880 34179182150
Random467,Random467@northsouth.edu,5224596573,+880 19358508564
Random468,Random468@northsouth.edu,5544682139,+880 46810331148
Random469,Random469@northsouth.edu,2494504594,+880 63541848817
Random470,Random470@northsouth.edu,3997054995,+880 13809612350
Random471,Random471@northsouth.edu,3133881118,+880 87958908818
Random472,Random472@northsouth.edu,9203894932,+880 71034899889
Random473,Random473@northsouth.edu,1160918252,+880 47407695989
Random474,Random474@northsouth.edu,1025929240,+880 14508370222
Random475,Random475@northsouth.edu,5023304870,+880 95125266977
Random476,Random476@northsouth.edu,7090583065,+880 96598823736
Random477,Random477@northsouth.edu,6545078107,+880 18046874615
Random478,Random478@northsouth.edu,2190988778,+880 48539267294
Random479,Random479@northsouth.edu,5011363999,+880 45778659989
Random480,Random480@northsouth.edu,9910008070,+880 48059885006
Random481,Random481@northsouth.edu,1784277100,+880 40594180719
Random482,Random482@northsouth.edu,8348978898,+880 87897460925
Random483,Random483@northsouth.edu,5548663488,+880 65529566284
Random484,Random484@northsouth.edu,3479908331,+880 35674438865
Random485,Random485@northsouth.edu,9479544870,+880 83090381040
Random486,Random486@northsouth.edu,1761408865,+880 22571784458
Random487,Random487@northsouth.edu,2355057689,+880 58358284802
Random488,Random488@northsouth.edu,2634784576,+880 49601808911
Random489,Random489@northsouth.edu,1587237840,+880 76409732648
Random490,Random490@northsouth.edu,5508619567,+880 23925301548
Random491,Random491@northsouth.edu,2764319960,+880 62376447410
Random492,Random492@northsouth.edu,6804502440,+880 78622065425
Random493,Random493@northsouth.edu,1197083401,+880 16684864593
Random494,Random494@northsouth.edu,7504319514,+880 24702026435
Random495,Random495@northsouth.edu,7751422458,+880 18980453304
Random496,Random496@northsouth.edu,1003101665,+880 19141162582
Random497,Random497@northsouth.edu,2533775530,+880 50392801009
Random498,Random498@northsouth.edu,3901932197,+880 35844849656
